Index,User Id,First Name,Last Name,Gender,Email,Phone,Date of birth,Job Title, role, password
1,8717bbf45cCDbEe,Shelia,Mahoney,Male,pwarner@example.org,857.139.8239,2014-01-27,Probation officer,author,1234
2,3d5AD30A4cD38ed,Jo,Rivers,Female,fergusonkatherine@example.net,+1-950-759-8687,1931-07-26,Dancer,author,1234
3,810Ce0F276Badec,Sheryl,Lowery,Female,fhoward@example.org,(599)782-0605,2013-11-25,Copy,author,1234
4,BF2a889C00f0cE1,Whitney,Hooper,Male,zjohnston@example.com,+1-939-130-6258,2012-11-17,Counselling psychologist,author,1234
5,9afFEafAe1CBBB9,Lindsey,Rice,Female,elin@example.net,(390)417-1635x3010,1923-04-15,Biomedical engineer,author,1234
6,aF75e6dDEBC5b66,Sherry,Caldwell,Male,kaitlin13@example.net,8537800927,1917-08-06,Higher education lecturer,author,1234
7,efeb05c7Cc94EA3,Ernest,Hoffman,Male,jeffharvey@example.com,093.655.7480x7895,1984-12-22,Health visitor,author,1234
8,fb1BF3FED57E9d7,Doris,Andersen,Male,alicia33@example.org,4709522945,2016-12-02,Air broker,author,1234
9,421fAB9a3b98F30,Cheryl,Mays,Male,jake50@example.com,013.820.4758,2012-12-16,"Designer, multimedia",author,1234
10,4A42Fe10dB717CB,Harry,Mitchell,Male,lanechristina@example.net,(560)903-5068x4985,1953-06-29,Insurance account manager,author,1234
11,44FAA9C3CE8DB2B,Casey,Ayala,Male,ncantu@example.com,8629884096,2020-04-17,"Scientist, water quality",author,1234
12,86cCc6417942b4B,Sara,Huff,Male,kristy41@example.net,+1-041-859-3844x272,1964-05-21,Metallurgist,author,1234
13,CDA21B6e83Cafe3,Eddie,Barnes,Female,brandy23@example.com,801.809.9181x37308,1975-02-27,Dramatherapist,author,1234
14,1CC30c5F204332e,Ralph,Lowe,Female,dleon@example.org,+1-511-127-6660x230,1938-04-10,"Presenter, broadcasting",author,1234
15,b4bE3BfBfeBC29e,Priscilla,Davis,Male,latasha46@example.org,903.545.8947,2014-03-16,"Nurse, mental health",author,1234
16,bFCFDdE5491caE8,Carly,Abbott,Female,stricklandomar@example.org,(416)979-0633x058,2007-10-27,Therapeutic radiographer,author,1234
17,cEfCEAB1306DbCb,Nicolas,Mckinney,Male,twilkinson@example.com,244-054-8521x1913,1951-07-04,Land,author,1234
18,aCefF56E59aAf75,Natasha,Macias,Female,dorothymeza@example.com,(929)366-8549x3587,1971-10-31,Recruitment consultant,author,1234
19,CF091D6b9Dd4F9c,Courtney,Jenkins,Female,estesana@example.org,(973)243-9193,1948-01-20,Accounting technician,author,1234
20,462EF46dcaab6EC,Perry,Mcmahon,Female,allison66@example.net,060-611-9377x90160,2006-11-24,"Education officer, museum",author,1234
21,7B247Ca7BbA098d,Emily,Travis,Male,jordankelley@example.com,601.838.8295x89942,1933-11-19,Tax inspector,author,1234
22,dCdadA2bCcFFEAE,Meghan,Hawkins,Male,ehatfield@example.com,668.063.9568x7257,1974-08-21,"Engineer, land",author,1234
23,d62fFce33bbccAC,Ernest,Oconnell,Male,lanedarius@example.com,+1-024-909-1783,1943-06-09,Printmaker,author,1234
24,3Cb9Fe3aB463dba,Norman,Walton,Female,samanthasummers@example.org,(590)187-8007x273,1973-06-19,Personnel officer,author,1234
25,be6BBa9EBFeBFcc,Roger,Sweeney,Female,leblancjohnathan@example.org,+1-927-383-6844,2008-09-09,Race relations officer,author,1234
26,a902eE5EABd77DE,Ethan,Wu,Male,jay82@example.net,972.064.3833x5347,2018-07-17,Microbiologist,author,1234
27,EEA3bcfe1c7aEAf,Catherine,Myers,Male,sara05@example.org,(614)275-6966x22597,2007-08-22,Industrial buyer,author,1234
28,2Ab20Ed8CfE2D71,Catherine,Nash,Female,nelsonlori@example.org,(322)679-7824,1949-08-03,"Production assistant, radio",author,1234
29,EC9BCcb3ccEAdE9,Corey,Delgado,Male,phillip27@example.net,989.482.6130x996,2014-06-05,Agricultural consultant,author,1234
30,d6203591c7BEB4F,Hunter,Hahn,Female,jimsellers@example.com,975-190-7875x3293,1943-02-22,Chief Financial Officer,author,1234
31,f67cb59Eea96a23,Dakota,Gomez,Male,jadecollier@example.com,(291)853-7982x0123,1914-11-26,Insurance broker,author,1234
32,94c6aF7DEe2Ad7A,Nathaniel,Clarke,Female,george75@example.org,(984)863-5741x7054,1910-11-23,Information systems manager,author,1234
33,b1DC89E2d73F0b4,Marco,Reyes,Male,ramosjonathon@example.org,(977)846-8023,1965-07-28,"Psychologist, sport and exercise",author,1234
34,FECAedB175FD9f4,Todd,Weber,Male,hessrachel@example.com,526-208-4712x10329,2019-11-30,Ergonomist,author,1234
35,CB41aabFbB8AdDa,Bryan,Vaughn,Male,fhughes@example.org,5642635347,1964-04-18,Sports therapist,author,1234
36,BcdffBD402E5A23,Adrienne,Lambert,Male,marilyn91@example.org,157.425.5345,2019-06-16,Comptroller,author,1234
37,b00f07E8F6Ecf6e,Seth,Hess,Male,ebranch@example.net,600-706-8696x839,1910-02-21,Claims inspector/assessor,author,1234
38,8b8Aab259B2a00D,Stefanie,Sherman,Male,rickeykelley@example.com,557-620-5663,1966-10-26,Hospital doctor,author,1234
39,D060A3eacFBFAEE,Kent,Velez,Male,hammonddestiny@example.org,000-364-9407x55677,2004-05-23,"Investment banker, corporate",author,1234
40,DFAB00C01CcF860,Angela,Huff,Male,anitamckenzie@example.net,(116)776-0713x4684,1922-09-16,"Pilot, airline",author,1234
41,aDB35cb99a88358,Harry,Moore,Female,debbieturner@example.net,+1-932-606-8425x22206,1951-07-19,Insurance underwriter,author,1234
42,0269CdeD7B3C8B0,Kristopher,Barnes,Male,frederick54@example.org,341.096.2708x237,1950-02-23,"Engineer, mining",author,1234
43,ddd2B9CcEBEe00E,Rachael,Herrera,Male,msummers@example.net,+1-833-716-3269x028,1927-05-04,Armed forces technical officer,author,1234
44,355e6511Fa0ff55,Vincent,Berger,Female,shannonrandy@example.org,+1-262-558-4739,1907-12-16,"Psychologist, educational",author,1234
45,F2f91586dA8f7f5,Don,Bolton,Male,kkey@example.net,001-313-023-3603x2485,1985-12-28,Housing manager/officer,author,1234
46,99A502C175C4EBd,Olivia,Duke,Female,diana26@example.net,001-366-475-8607x04350,1934-10-13,Dentist,author,1234
47,eEF6Cf6C10b1446,Erik,Rosales,Female,alejandro41@example.net,(412)388-9715,2019-05-06,Prison officer,author,1234
48,3eD5c0dDBD0a7DC,Judith,Wall,Female,marvinmolina@example.org,353.983.3416,1985-12-25,Restaurant manager,author,1234
49,EbD7AF6EDF4831e,Chloe,Ramirez,Female,tblack@example.net,355-371-5885x826,1907-07-28,"Psychotherapist, dance movement",author,1234
50,afF3018e9cdd1dA,George,Mercer,Female,douglascontreras@example.net,+1-326-669-0118x4341,1941-09-11,Human resources officer,author,1234
51,CccE5DAb6E288e5,Jo,Zavala,Male,pamela64@example.net,001-859-448-9935x54536,1992-11-23,"Nurse, adult",author,1234
52,DfBDc3621D4bcec,Joshua,Carey,Female,dianashepherd@example.net,001-274-739-8470x814,1915-01-07,Seismic interpreter,author,1234
53,f55b0A249f5E44D,Rickey,Hobbs,Female,ingramtiffany@example.org,241.179.9509x498,1910-07-01,Barrister,author,1234
54,Ed71DcfaBFd0beE,Robyn,Reilly,Male,carriecrawford@example.org,207.797.8345x6177,1982-07-27,"Engineer, structural",author,1234
55,FDaFD0c3f5387EC,Christina,Conrad,Male,fuentesclaudia@example.net,001-599-042-7428x143,1998-01-06,"Producer, radio",author,1234
56,998C3Fda97EfAff,Shelby,Cole,Male,kaneaudrey@example.org,663-280-5834,1975-08-18,"Therapist, nutritional",author,1234
57,D7040faD2d368d8,Steve,Donovan,Male,rebekahsantos@example.net,0258287997,1935-04-14,Paediatric nurse,author,1234
58,3CEf7FDfACa48b7,Gina,Little,Female,craig28@example.com,125.219.3673x0076,1954-10-07,Production engineer,author,1234
59,239dbABfd1d1B1e,Connie,Dawson,Female,connercourtney@example.net,650-748-3069x64529,1979-07-21,"Accountant, chartered certified",author,1234
60,4e03dA0BCAc82e3,Aaron,Page,Male,harrygallagher@example.com,849.500.6331x717,1981-03-11,Administrator,author,1234
61,B2F0bdF85bfc7cA,Lance,Bradshaw,Male,pennymeyer@example.org,001-231-320-5609x40384,1974-07-13,Data scientist,author,1234
62,E923A19a2De032b,Mary,Daniels,Male,glencherry@example.org,001-937-255-8809x077,1993-07-31,Occupational hygienist,author,1234
63,11Ae1fbab4076b2,Yesenia,Harding,Male,robertablackburn@example.com,(752)468-1821x6065,1906-10-28,"Nurse, mental health",author,1234
64,14890EC026d5d43,Shane,Reyes,Female,jacquelinephelps@example.org,246-500-3955,1956-02-11,Art therapist,author,1234
65,2eC6783b36315eF,Norma,Olson,Female,nealtristan@example.org,826-156-4347x8894,2012-01-17,Academic librarian,author,1234
66,bd79EF2c2a3bad3,Melinda,Haas,Male,wernermatthew@example.org,3448565378,1983-10-16,Musician,author,1234
67,D5BDdFA8A0baa18,Darrell,Fuller,Male,shannonmahoney@example.org,0173701718,1940-10-23,"Engineer, petroleum",author,1234
68,9de346CD67Bea2f,Priscilla,Valenzuela,Male,jsantos@example.net,939.856.5702,1943-03-20,"Journalist, newspaper",author,1234
69,d2adC15ceDc8Adf,Karla,Steele,Female,gwendolyn67@example.org,+1-153-975-9160x54877,1939-05-09,Surgeon,author,1234
70,D88FB59Ed3efac7,Alexandria,Mcguire,Female,zalvarado@example.org,0861113397,1977-11-05,Building surveyor,author,1234
71,EBFf87b4dbdcFbD,Joanna,Doyle,Male,barbaralowe@example.com,757.454.8723x425,1938-04-12,"Engineer, structural",author,1234
72,32fbdA8e70AeB2d,Lydia,Neal,Female,jeffrey19@example.org,632.827.2115,1939-09-12,Veterinary surgeon,author,1234
73,DbFcEF27decA754,Darryl,Meyer,Male,robynwoodard@example.org,464-501-0971x93579,1995-05-10,Orthoptist,author,1234
74,6c89bB8bB7DeADB,Alice,Harding,Male,hickmanapril@example.org,(192)564-7672,1977-06-14,"Administrator, arts",author,1234
75,0Fe59D998cacdd5,Seth,Pratt,Male,lawsonsheri@example.org,+1-153-763-3245x239,1948-04-30,Accounting technician,author,1234
76,f93C8B8c2FfB46e,Amy,Payne,Male,gibsonjames@example.com,549.897.3335,2011-08-22,Museum/gallery curator,author,1234
77,c380Ce9B006eD2D,Vickie,Mccoy,Male,costacameron@example.net,9183232835,1992-09-14,Neurosurgeon,author,1234
78,aCBb2be896F7EFE,Hector,Sparks,Female,kendra27@example.com,777.238.3474,1953-06-07,"Designer, fashion/clothing",author,1234
79,6C2EA6b5e2eda3C,Colin,Conley,Female,glenn29@example.net,717.061.0941,1938-11-29,Surgeon,author,1234
80,2B55d6d7B39C4D8,Joshua,Grant,Male,ndodson@example.org,974.866.5670,1952-08-23,Therapeutic radiographer,author,1234
81,f6ac8CfF7ac94cc,Yesenia,Key,Male,hreid@example.net,+1-006-497-5864x90856,1988-03-29,Local government officer,author,1234
82,fEE61DcbEb41633,Meghan,Humphrey,Female,parrishbenjamin@example.net,890-134-1311,1962-09-27,"Research officer, trade union",author,1234
83,8Bac76db335CcCf,Eddie,Daniels,Male,woodsjerry@example.org,475.777.8494x2737,1975-06-14,Armed forces technical officer,author,1234
84,2BAFB7b410ebE3f,Joyce,Abbott,Female,dporter@example.net,673.878.6558x33809,1994-08-29,Recruitment consultant,author,1234
85,C76ae7aAFcbB2cA,Isaiah,Olson,Female,franciscoshah@example.net,406-298-3045,1974-04-30,Chief Financial Officer,author,1234
86,9f887e71eee4b58,Curtis,Haney,Male,ofletcher@example.com,+1-419-424-3949,1988-01-22,Health and safety adviser,author,1234
87,cdDbF70fBdfdCaD,Devon,Henry,Female,brandy99@example.net,(839)224-3577,1982-09-20,"Civil engineer, contracting",author,1234
88,EAE9F073c808ccc,Jordan,Long,Male,scottspence@example.com,+1-275-728-6459,1913-01-21,Publishing rights manager,author,1234
89,daBacFb2F431Dfb,Tom,Mccarty,Female,thomasjefferson@example.com,+1-008-555-9017x5699,1967-04-20,Paediatric nurse,author,1234
90,1187FDb1d7C98B0,Bethany,Davila,Female,ashley45@example.net,(021)896-7173,1922-08-25,"Surveyor, commercial/residential",author,1234
91,690145e7Daff789,Ariel,Blankenship,Female,baileyblake@example.net,0412659505,1973-01-21,Actuary,author,1234
92,87bf311C37DC95E,Jaclyn,Mclean,Male,zavalamackenzie@example.com,894-297-7449x0521,1982-04-12,Human resources officer,author,1234
93,CDF04Db0f9AbD34,Stephanie,Donovan,Male,mandyvillarreal@example.com,5419583323,2012-08-02,Medical sales representative,author,1234
94,fe3E1A26dc62DA6,Carly,Brooks,Female,fmelendez@example.org,358.163.4148x2319,2006-07-28,Production engineer,author,1234
95,cEb6af0Da7E6707,Dominique,Stevenson,Male,bennettmisty@example.org,(638)229-8203x412,1988-12-09,Art gallery manager,author,1234
96,3c3e7EB7afBFb5d,Doris,Holmes,Female,nguyentonya@example.net,7631450835,1973-12-10,"Engineer, materials",author,1234
97,DFAbEADF85F6245,Joe,Acevedo,Male,lori87@example.net,1289379504,1974-09-10,Immigration officer,author,1234
98,e5d840eE5BB6e03,Tony,Melendez,Male,riveralaura@example.net,+1-618-303-1920,1924-01-22,Environmental health practitioner,author,1234
99,DdB70783c1181Ad,Lydia,Vargas,Male,carly49@example.com,(656)329-5478,1948-03-06,"Accountant, chartered",author,1234
100,7f83AADE353F5ad,Matthew,Yoder,Female,druiz@example.org,702.591.8573,1993-06-17,Insurance account manager,author,1234
101,631e880aee8B16B,Laura,Bishop,Male,stoutjennifer@example.org,3696493045,2001-10-13,Legal executive,author,1234
102,cB5e9a6b2dcCa90,Vernon,Terry,Male,haysmario@example.net,343-058-6684,1960-08-13,"Nurse, adult",author,1234
103,bA3e5C6ADeBF8E1,Roberta,Hodge,Male,kfoley@example.com,+1-997-465-0335x4485,1922-04-29,Translator,author,1234
104,98B4EeDf0aF2d88,Janet,Heath,Female,nramos@example.org,436.750.6198x86373,1989-12-11,Fitness centre manager,author,1234
105,bcf0DEa3a7585Fd,Taylor,Paul,Male,hector24@example.net,+1-586-452-9418,1946-02-12,Games developer,author,1234
106,AB5a29077eDc170,Ariana,Potter,Male,malonenina@example.org,001-206-682-7783x4353,1959-12-11,"Surveyor, building control",author,1234
107,24e1fa8cf0c7BD5,Dave,Myers,Female,beanfrederick@example.com,064-606-7086,1953-11-17,"Therapist, nutritional",author,1234
108,49F56fAC4632C31,Beth,Harrington,Male,simmonsbrenda@example.net,001-371-758-0962x02689,1977-01-16,Field seismologist,author,1234
109,69d6EEBb6B1D58b,Diamond,Spence,Male,hrogers@example.org,461-212-2090x4522,1962-04-08,Dance movement psychotherapist,author,1234
110,620D4D12cbE3c3F,Timothy,Weeks,Male,smiranda@example.net,5528746828,1971-01-12,"Engineer, technical sales",author,1234
111,aA6A5Db8E06C3b1,Victor,Castro,Female,barbara05@example.com,(443)703-9896x46775,1939-10-27,Audiological scientist,author,1234
112,120b4B8Ab9f96C0,Samantha,Harris,Male,wthompson@example.com,948-848-5407x6058,1965-07-17,Commercial art gallery manager,author,1234
113,Ebd38C6201E6bea,Priscilla,Bean,Male,galvanamanda@example.net,976.976.4060x497,1949-09-29,Retail buyer,author,1234
114,AcBD2EfE48eEa4F,Erica,Atkins,Female,bradycain@example.org,743-835-6511,2018-08-01,"Psychologist, clinical",author,1234
115,D4d937A95711EcE,Tonya,Blankenship,Female,summer68@example.org,001-385-949-1206x66591,1926-09-30,Insurance underwriter,author,1234
116,f9dd0F20DDC20a9,Diane,Small,Female,cuevasyesenia@example.com,(918)520-3208x3647,1995-01-10,Waste management officer,author,1234
117,BC1Df0060C2cfDc,Karl,Floyd,Male,franklincarroll@example.org,001-017-417-0832x943,1937-10-03,Metallurgist,author,1234
118,625CCE85FfAA2E6,Dana,Higgins,Female,pnielsen@example.org,001-414-299-1667,2020-10-22,Garment/textile technologist,author,1234
119,736A87324dd4E3b,Neil,Sawyer,Male,angiecosta@example.com,+1-369-936-8657,1961-03-22,Geophysical data processor,author,1234
120,4aE4ecaBd55f3C6,Julia,Acosta,Male,saradoyle@example.net,907-736-0570,1915-04-29,Nutritional therapist,author,1234
121,A33b2e2A7509599,Brandy,Carpenter,Male,jcraig@example.com,(770)225-7292x865,1990-09-16,Clinical biochemist,author,1234
122,97f2a3845Ac6aF7,Darren,Manning,Female,ocurtis@example.org,(278)176-8091x59960,1979-08-08,"Runner, broadcasting/film/video",author,1234
123,363BC822BADd5f7,Roger,Beasley,Male,oochoa@example.com,8399917932,1968-01-29,Armed forces logistics/support/administrative officer,author,1234
124,201FF92c4c85ef7,Albert,Tyler,Male,careyteresa@example.com,989.634.0396,2000-03-21,"Surveyor, hydrographic",author,1234
125,18bc6EeCCE1f1C2,Tracie,Mooney,Female,nicolas31@example.com,291.587.2513x569,2016-02-06,"Engineer, structural",author,1234
126,1Bb45198c473530,Tim,Ponce,Female,sblair@example.net,001-183-061-5706,1923-09-04,Museum/gallery conservator,author,1234
127,b17FbED51F5E6dc,Margaret,Carr,Male,kara78@example.com,392.522.2649x43694,1990-08-09,Television camera operator,author,1234
128,a2A4fd285DAD2b4,Autumn,Davis,Female,sierrabrock@example.com,(074)697-9276x0345,1929-11-25,Hydrographic surveyor,author,1234
129,eAdCa2bd47Bbd5e,Christina,Hendrix,Female,cchandler@example.org,283.514.2546,1963-02-09,IT sales professional,author,1234
130,6b03e33eEddCFC7,Andrew,Holden,Male,yolanda80@example.com,840.520.0168,1983-10-08,Fitness centre manager,author,1234
131,aE16A3c90AC05dB,April,Hebert,Male,tammie24@example.org,600.473.3696x9138,1940-02-06,Clinical research associate,author,1234
132,8CA86e8FcACeE4D,Peter,Long,Male,terrance42@example.com,658.589.4668x5099,1988-06-12,Artist,author,1234
133,99d1Fb3608ACF2A,Christina,Carter,Female,joannacastaneda@example.com,371.388.5547x616,1966-10-08,"Engineer, agricultural",author,1234
134,4eB6A9cb84BF51B,David,Faulkner,Female,costaariel@example.com,001-892-550-0086x088,2010-09-23,Museum/gallery exhibitions officer,author,1234
135,B43EAF7bc56967C,Willie,Arellano,Female,owensmeghan@example.com,+1-029-184-8369x33344,1959-08-01,Interior and spatial designer,author,1234
136,6e07e8F150DeB82,Traci,Sosa,Male,mckinneyelijah@example.org,954.146.7056,1985-12-18,Financial adviser,author,1234
137,f781EbEb7FDBE35,Alexandria,Burgess,Male,franklinnoah@example.com,(033)223-1221x741,1952-05-20,Glass blower/designer,author,1234
138,B9506A7DdC58b34,Manuel,Castro,Male,michellefranco@example.org,+1-994-294-8696,1949-05-23,Herbalist,author,1234
139,be4B0DFd06FFF1D,Nathan,Glenn,Male,bentontroy@example.com,+1-674-087-8009,1952-03-21,Stage manager,author,1234
140,7d3402dB0D0d2ae,Hailey,Aguirre,Male,ygregory@example.net,285.170.3468,1936-05-24,"Engineer, manufacturing",author,1234
141,9BEeD41BDC4ca32,Arthur,Lyons,Female,gmckee@example.org,+1-000-117-8461x20805,1974-08-10,"Development worker, community",author,1234
142,B81eeD3F7e13A2e,Alexa,Washington,Female,garrettgordon@example.net,001-660-127-4590x6546,2004-12-05,"Loss adjuster, chartered",author,1234
143,cF20CcFDD4E8733,Jorge,Wells,Female,pattersonlatoya@example.net,939.826.3921x144,1908-05-28,Research scientist (life sciences),author,1234
144,0c7fc0bFd703d8e,Oscar,Camacho,Female,albertstanton@example.net,853.032.2083,1910-08-23,Fashion designer,author,1234
145,99fa0bC5cC11b1f,Derrick,Cook,Male,javierfrench@example.org,001-438-246-2459x25487,2020-08-21,Product/process development scientist,author,1234
146,979A626e5F115f2,Teresa,Page,Male,lnash@example.org,001-644-806-9491x2925,2015-12-23,Chiropodist,author,1234
147,009E1accabB9Af6,Randy,Tanner,Female,shellycain@example.org,911-487-0373x8825,1996-03-12,"Civil engineer, consulting",author,1234
148,a9E3b490AE3B346,Joann,Fuller,Male,pstone@example.net,349.036.6379,1919-03-28,Chief Executive Officer,author,1234
149,Ab0bbcE993E23c7,Christopher,Braun,Female,graytami@example.org,+1-656-507-5397,1976-08-24,"Engineer, petroleum",author,1234